Item, Turning_Cut_Depth
1, 0.637493536
2, 0.652844277
3, 0.617482172
4, 0.59569111
5, 0.603473876
6, 0.579053328
7, 0.608538512
8, 0.604406341
9, 0.599020371
10, 0.643846919
11, 0.612313549
12, 0.646314459
13, 0.644697559
14, 0.625397051
15, 0.611642754
16, 0.616581243
17, 0.617131858
18, 0.612522374
19, 0.626743757
20, 0.660107111
